CustonmerID,FirstName,LastName,State ,City,ZipCode,AptNumber,Phonenumber,Email,PaymentType,OrderID
3540954796,Daisie,Hessay,KS,Shawnee Mission,66225,9098,913-467-2837,dhessay0@whitehouse.gov,maestro,YMX-2429054334
1362600878,Yorgo,Pickle,CT,New Haven,6533,9076,203-127-3907,ypickle1@hao123.com,jcb,YWN-0076779282
1292590176,Tamarah,Dunphie,MN,Saint Paul,55146,8046,651-383-5949,tdunphie2@blogspot.com,jcb,DPF-8160647771
2254283900,Ame,Ernke,TX,Fort Worth,76129,6032,817-224-5026,aernke3@va.gov,americanexpress,VJU-3263911013
7859233769,Virginie,Lakeland,CA,Moreno Valley,92555,7245,951-237-4779,vlakeland4@gmpg.org,americanexpress,NUK-7693324306
1733218290,Jenilee,Hulburt,TX,Dallas,75367,3458,214-597-5486,jhulburt5@jiathis.com,china-unionpay,NSW-8403660741
9910687539,Pansie,Jaycock,FL,Jacksonville,32255,6175,904-109-0580,pjaycock6@vinaora.com,jcb,DOG-6998860794
4183633798,Lise,Wyeld,TX,Dallas,75210,2832,469-943-8571,lwyeld7@odnoklassniki.ru,mastercard,MAM-5336420724
7918945890,Ilsa,Lewtey,ID,Idaho Falls,83405,6576,208-980-1730,ilewtey8@mashable.com,diners-club-carte-blanche,IKZ-6962746152
3000603567,Roseanne,Villalta,LA,Shreveport,71130,4065,318-193-7384,rvillalta9@google.com.au,visa-electron,KIS-6238563525
